N° Chambre;Date entrée;Date sortie;Nombre personnes
ME01;25/11/2024;27/11/2024;2
ME02;26/11/2024;28/11/2024;1
ME03;30/11/2024;02/12/2024;2
ME04;01/12/2024;03/12/2024;2
ME05;30/11/2024;01/12/2024;2
ME01;03/12/2024;07/12/2024;2
ME02;05/12/2024;08/12/2024;2
ME03;08/12/2024;10/12/2024;1
ME04;09/12/2024;12/12/2024;2
ME05;10/12/2024;15/12/2024;2
ME01;15/12/2024;20/12/2024;2
ME02;16/12/2024;18/12/2024;1
ME03;20/12/2024;26/12/2024;2
ME04;23/12/2024;27/12/2024;2
ME05;24/12/2024;28/12/2024;2
JA01;25/11/2024;28/11/2024;3
JA02;30/11/2024;01/12/2024;3
JA03;26/11/2024;29/11/2024;4
JA04;27/11/2024;30/11/2024;2
JA05;01/12/2024;05/12/2024;4
JA06;02/12/2024;07/12/2024;4
JA07;03/12/2024;06/12/2024;3
JA08;06/12/2024;10/12/2024;4
JA09;08/12/2024;12/12/2024;3
JA10;09/12/2024;13/12/2024;4
JA01;10/12/2024;15/12/2024;4
JA02;12/12/2024;16/12/2024;3
JA03;15/12/2024;20/12/2024;4
JA04;16/12/2024;21/12/2024;4
JA05;20/12/2024;26/12/2024;4
JA06;22/12/2024;27/12/2024;3
JA07;23/12/2024;28/12/2024;4
JA08;26/12/2024;30/12/2024;2
JA09;27/12/2024;31/12/2024;4
JA10;28/12/2024;02/01/2025;4
